mpo_name,visits,total_minutes,avg_minutes
MPO002,21,374,17.80952380952381
MPO001,15,310,20.666666666666668
